{
    "20": {
        "average_time": 0.021790149999999998,
        "average_size": 62
    },
    "25": {
        "average_time": 0.019038799999999998,
        "average_size": 62
    },
    "30": {
        "average_time": 0.01915905,
        "average_size": 62
    },
    "35": {
        "average_time": 0.019335050000000003,
        "average_size": 62
    },
    "40": {
        "average_time": 0.0161104,
        "average_size": 62
    },
    "45": {
        "average_time": 0.021301499999999998,
        "average_size": 62
    },
    "50": {
        "average_time": 0.0192963,
        "average_size": 62
    },
    "55": {
        "average_time": 0.0165097,
        "average_size": 62
    },
    "60": {
        "average_time": 0.01628025,
        "average_size": 62
    }
}