{
    "20": {
        "average_time": 0.0163861,
        "average_size": 1
    },
    "25": {
        "average_time": 0.01635075,
        "average_size": 1
    },
    "30": {
        "average_time": 0.0162271,
        "average_size": 1
    },
    "35": {
        "average_time": 0.0166107,
        "average_size": 1
    },
    "40": {
        "average_time": 0.0166307,
        "average_size": 1
    },
    "45": {
        "average_time": 0.01915625,
        "average_size": 1
    },
    "50": {
        "average_time": 0.019283750000000002,
        "average_size": 1
    },
    "55": {
        "average_time": 0.02428385,
        "average_size": 1
    },
    "60": {
        "average_time": 0.016088949999999998,
        "average_size": 1
    }
}