{
    "20": {
        "average_time": 0.0164567,
        "average_size": 31
    },
    "25": {
        "average_time": 0.019133400000000002,
        "average_size": 31
    },
    "30": {
        "average_time": 0.0213944,
        "average_size": 31
    },
    "35": {
        "average_time": 0.019307249999999998,
        "average_size": 31
    },
    "40": {
        "average_time": 0.0214115,
        "average_size": 31
    },
    "45": {
        "average_time": 0.016780299999999998,
        "average_size": 31
    },
    "50": {
        "average_time": 0.01651435,
        "average_size": 31
    },
    "55": {
        "average_time": 0.02462965,
        "average_size": 31
    },
    "60": {
        "average_time": 0.018979999999999997,
        "average_size": 31
    }
}