{
    "20": {
        "average_time": 0.02234285,
        "average_size": 4
    },
    "25": {
        "average_time": 0.0194138,
        "average_size": 4
    },
    "30": {
        "average_time": 0.0189228,
        "average_size": 4
    },
    "35": {
        "average_time": 0.027446150000000002,
        "average_size": 4
    },
    "40": {
        "average_time": 0.0163042,
        "average_size": 4
    },
    "45": {
        "average_time": 0.01605915,
        "average_size": 4
    },
    "50": {
        "average_time": 0.01917035,
        "average_size": 4
    },
    "55": {
        "average_time": 0.01948205,
        "average_size": 4
    },
    "60": {
        "average_time": 0.02179305,
        "average_size": 4
    }
}