{
    "20": {
        "average_time": 0.0194065,
        "average_size": 17
    },
    "25": {
        "average_time": 0.0168416,
        "average_size": 18
    },
    "30": {
        "average_time": 0.0160551,
        "average_size": 6
    },
    "35": {
        "average_time": 0.0246709,
        "average_size": 448
    },
    "40": {
        "average_time": 0.01625865,
        "average_size": 74
    },
    "45": {
        "average_time": 0.01613345,
        "average_size": 29.2
    },
    "50": {
        "average_time": 0.0182265,
        "average_size": 103
    },
    "55": {
        "average_time": 0.0166442,
        "average_size": 32
    },
    "60": {
        "average_time": 0.016170649999999998,
        "average_size": 60
    }
}