{
    "20": {
        "average_time": 0.0191276,
        "average_size": 234
    },
    "25": {
        "average_time": 0.0193032,
        "average_size": 1580
    },
    "30": {
        "average_time": 0.0245013,
        "average_size": 36
    },
    "35": {
        "average_time": 0.016528,
        "average_size": 35
    },
    "40": {
        "average_time": 0.016584,
        "average_size": 35
    },
    "45": {
        "average_time": 0.021924700000000002,
        "average_size": 3534
    },
    "50": {
        "average_time": 0.0217792,
        "average_size": 12944
    },
    "55": {
        "average_time": 0.016524399999999998,
        "average_size": 16351
    },
    "60": {
        "average_time": 0.0168035,
        "average_size": 181337
    }
}