{
    "20": {
        "average_time": 0.0170617,
        "average_size": 15.65
    },
    "25": {
        "average_time": 0.01956625,
        "average_size": 14
    },
    "30": {
        "average_time": 0.01909465,
        "average_size": 40
    },
    "35": {
        "average_time": 0.01659175,
        "average_size": 40
    },
    "40": {
        "average_time": 0.016291899999999998,
        "average_size": 38
    },
    "45": {
        "average_time": 0.017458500000000002,
        "average_size": 38
    },
    "50": {
        "average_time": 0.0192087,
        "average_size": 17
    },
    "55": {
        "average_time": 0.021861449999999998,
        "average_size": 37
    },
    "60": {
        "average_time": 0.0194337,
        "average_size": 37
    }
}