{
    "20": {
        "average_time": 0.01960245,
        "average_size": 830.9
    },
    "25": {
        "average_time": 0.0169774,
        "average_size": 2290
    },
    "30": {
        "average_time": 0.019580149999999998,
        "average_size": 9264
    },
    "35": {
        "average_time": 0.019303650000000002,
        "average_size": 20197
    },
    "40": {
        "average_time": 0.01684815,
        "average_size": 49241
    },
    "45": {
        "average_time": 0.01716485,
        "average_size": 76966
    },
    "50": {
        "average_time": 0.02458425,
        "average_size": 146199
    },
    "55": {
        "average_time": 0.01738115,
        "average_size": 110153
    },
    "60": {
        "average_time": 0.0247108,
        "average_size": 381664
    }
}