{
    "20": {
        "average_time": 0.01611325,
        "average_size": 2
    },
    "25": {
        "average_time": 0.0219186,
        "average_size": 2
    },
    "30": {
        "average_time": 0.0165696,
        "average_size": 1
    },
    "35": {
        "average_time": 0.0163617,
        "average_size": 1
    },
    "40": {
        "average_time": 0.019317050000000002,
        "average_size": 4
    },
    "45": {
        "average_time": 0.021776649999999998,
        "average_size": 3.55
    },
    "50": {
        "average_time": 0.02201715,
        "average_size": 3
    },
    "55": {
        "average_time": 0.01899435,
        "average_size": 5
    },
    "60": {
        "average_time": 0.01659925,
        "average_size": 5
    }
}