{
    "20": {
        "average_time": 0.0195331,
        "average_size": 1184
    },
    "25": {
        "average_time": 0.02205815,
        "average_size": 2373
    },
    "30": {
        "average_time": 0.0164942,
        "average_size": 6343
    },
    "35": {
        "average_time": 0.019251749999999998,
        "average_size": 17101
    },
    "40": {
        "average_time": 0.021957749999999998,
        "average_size": 51381
    },
    "45": {
        "average_time": 0.01702565,
        "average_size": 104372
    },
    "50": {
        "average_time": 0.0197061,
        "average_size": 124896
    },
    "55": {
        "average_time": 0.0285706,
        "average_size": 794979.8
    },
    "60": {
        "average_time": 0.02162855,
        "average_size": 368040
    }
}