{
    "20": {
        "average_time": 0.01660155,
        "average_size": 156
    },
    "25": {
        "average_time": 0.0163529,
        "average_size": 35
    },
    "30": {
        "average_time": 0.01623595,
        "average_size": 42
    },
    "35": {
        "average_time": 0.0189002,
        "average_size": 445.95
    },
    "40": {
        "average_time": 0.01646885,
        "average_size": 66
    },
    "45": {
        "average_time": 0.0218568,
        "average_size": 120
    },
    "50": {
        "average_time": 0.0191916,
        "average_size": 19
    },
    "55": {
        "average_time": 0.0192085,
        "average_size": 3
    },
    "60": {
        "average_time": 0.0217714,
        "average_size": 80.9
    }
}