{
    "20": {
        "average_time": 0.02165255,
        "average_size": 7
    },
    "25": {
        "average_time": 0.016619000000000002,
        "average_size": 7
    },
    "30": {
        "average_time": 0.02169675,
        "average_size": 837
    },
    "35": {
        "average_time": 0.016298800000000002,
        "average_size": 1078
    },
    "40": {
        "average_time": 0.0165248,
        "average_size": 2475
    },
    "45": {
        "average_time": 0.01628185,
        "average_size": 8387
    },
    "50": {
        "average_time": 0.0193638,
        "average_size": 910
    },
    "55": {
        "average_time": 0.0165596,
        "average_size": 5490
    },
    "60": {
        "average_time": 0.0168716,
        "average_size": 16773.4
    }
}