{
    "20": {
        "average_time": 0.02223205,
        "average_size": 55
    },
    "25": {
        "average_time": 0.021760750000000002,
        "average_size": 546
    },
    "30": {
        "average_time": 0.01634145,
        "average_size": 1705
    },
    "35": {
        "average_time": 0.0187312,
        "average_size": 724
    },
    "40": {
        "average_time": 0.019241050000000003,
        "average_size": 3800
    },
    "45": {
        "average_time": 0.02199785,
        "average_size": 740
    },
    "50": {
        "average_time": 0.02184665,
        "average_size": 8017.5
    },
    "55": {
        "average_time": 0.01648445,
        "average_size": 7448
    },
    "60": {
        "average_time": 0.019423350000000002,
        "average_size": 17377
    }
}