{
    "20": {
        "average_time": 0.01655765,
        "average_size": 65
    },
    "25": {
        "average_time": 0.02195155,
        "average_size": 80
    },
    "30": {
        "average_time": 0.0220356,
        "average_size": 87.4
    },
    "35": {
        "average_time": 0.02209265,
        "average_size": 25
    },
    "40": {
        "average_time": 0.019377,
        "average_size": 30
    },
    "45": {
        "average_time": 0.01651475,
        "average_size": 30
    },
    "50": {
        "average_time": 0.02197015,
        "average_size": 30
    },
    "55": {
        "average_time": 0.022024949999999998,
        "average_size": 32
    },
    "60": {
        "average_time": 0.01649765,
        "average_size": 21.55
    }
}