{
    "20": {
        "average_time": 0.0220416,
        "average_size": 89
    },
    "25": {
        "average_time": 0.02164415,
        "average_size": 399
    },
    "30": {
        "average_time": 0.01954635,
        "average_size": 140
    },
    "35": {
        "average_time": 0.01638955,
        "average_size": 337
    },
    "40": {
        "average_time": 0.0192784,
        "average_size": 4252.3
    },
    "45": {
        "average_time": 0.0163481,
        "average_size": 1332
    },
    "50": {
        "average_time": 0.019323200000000002,
        "average_size": 2347
    },
    "55": {
        "average_time": 0.0163825,
        "average_size": 3010
    },
    "60": {
        "average_time": 0.01923805,
        "average_size": 21997
    }
}