{
    "20": {
        "average_time": 0.0218563,
        "average_size": 88.6
    },
    "25": {
        "average_time": 0.02177555,
        "average_size": 102.1
    },
    "30": {
        "average_time": 0.01671885,
        "average_size": 124
    },
    "35": {
        "average_time": 0.0193053,
        "average_size": 84
    },
    "40": {
        "average_time": 0.01658925,
        "average_size": 140
    },
    "45": {
        "average_time": 0.0166061,
        "average_size": 64
    },
    "50": {
        "average_time": 0.01655425,
        "average_size": 124
    },
    "55": {
        "average_time": 0.0217629,
        "average_size": 131
    },
    "60": {
        "average_time": 0.02175145,
        "average_size": 150
    }
}