{
    "20": {
        "average_time": 0.02153425,
        "average_size": 82
    },
    "25": {
        "average_time": 0.03035825,
        "average_size": 30
    },
    "30": {
        "average_time": 0.040937,
        "average_size": 409
    },
    "35": {
        "average_time": 0.024715400000000002,
        "average_size": 135.6
    },
    "40": {
        "average_time": 0.03535195,
        "average_size": 3
    },
    "45": {
        "average_time": 0.01651625,
        "average_size": 3
    },
    "50": {
        "average_time": 0.024777249999999997,
        "average_size": 118
    },
    "55": {
        "average_time": 0.0278205,
        "average_size": 248
    },
    "60": {
        "average_time": 0.029852450000000003,
        "average_size": 43
    }
}