{
    "20": {
        "average_time": 0.0164171,
        "average_size": 64
    },
    "25": {
        "average_time": 0.01896105,
        "average_size": 159.7
    },
    "30": {
        "average_time": 0.01911485,
        "average_size": 122
    },
    "35": {
        "average_time": 0.0160553,
        "average_size": 129
    },
    "40": {
        "average_time": 0.0160685,
        "average_size": 87
    },
    "45": {
        "average_time": 0.0164393,
        "average_size": 71
    },
    "50": {
        "average_time": 0.021659750000000002,
        "average_size": 60
    },
    "55": {
        "average_time": 0.0193924,
        "average_size": 120
    },
    "60": {
        "average_time": 0.0161584,
        "average_size": 82
    }
}