{
    "20": {
        "average_time": 0.0188964,
        "average_size": 20
    },
    "25": {
        "average_time": 0.01907655,
        "average_size": 48.45
    },
    "30": {
        "average_time": 0.021717749999999997,
        "average_size": 62
    },
    "35": {
        "average_time": 0.01646075,
        "average_size": 48
    },
    "40": {
        "average_time": 0.0192071,
        "average_size": 32
    },
    "45": {
        "average_time": 0.0166924,
        "average_size": 32
    },
    "50": {
        "average_time": 0.02157205,
        "average_size": 18
    },
    "55": {
        "average_time": 0.0218242,
        "average_size": 7
    },
    "60": {
        "average_time": 0.0164506,
        "average_size": 7
    }
}