{
    "20": {
        "average_time": 0.021786800000000002,
        "average_size": 100
    },
    "25": {
        "average_time": 0.01643405,
        "average_size": 362
    },
    "30": {
        "average_time": 0.022004549999999998,
        "average_size": 348
    },
    "35": {
        "average_time": 0.016417849999999998,
        "average_size": 146.8
    },
    "40": {
        "average_time": 0.01639075,
        "average_size": 9
    },
    "45": {
        "average_time": 0.016513,
        "average_size": 2248
    },
    "50": {
        "average_time": 0.0217274,
        "average_size": 1541
    },
    "55": {
        "average_time": 0.01617765,
        "average_size": 3766
    },
    "60": {
        "average_time": 0.02175885,
        "average_size": 2400
    }
}