{
    "20": {
        "average_time": 0.0162399,
        "average_size": 53
    },
    "25": {
        "average_time": 0.0192869,
        "average_size": 27
    },
    "30": {
        "average_time": 0.0166554,
        "average_size": 31
    },
    "35": {
        "average_time": 0.0191701,
        "average_size": 35
    },
    "40": {
        "average_time": 0.01929675,
        "average_size": 30
    },
    "45": {
        "average_time": 0.019065099999999998,
        "average_size": 30
    },
    "50": {
        "average_time": 0.0219916,
        "average_size": 35
    },
    "55": {
        "average_time": 0.01649795,
        "average_size": 18134.9
    },
    "60": {
        "average_time": 0.0219854,
        "average_size": 67438
    }
}