{
    "20": {
        "average_time": 0.0164586,
        "average_size": 70.5
    },
    "25": {
        "average_time": 0.01659685,
        "average_size": 56
    },
    "30": {
        "average_time": 0.0166547,
        "average_size": 57.9
    },
    "35": {
        "average_time": 0.01946875,
        "average_size": 58
    },
    "40": {
        "average_time": 0.0162014,
        "average_size": 35
    },
    "45": {
        "average_time": 0.0190744,
        "average_size": 35
    },
    "50": {
        "average_time": 0.0191642,
        "average_size": 69
    },
    "55": {
        "average_time": 0.016252199999999998,
        "average_size": 69
    },
    "60": {
        "average_time": 0.0164248,
        "average_size": 14
    }
}